{
  "IcoMoonType": "selection",
  "icons": [
    {
      "icon": {
        "paths": [
          "M85.333 242.087c0-21.402 8.991-41.928 24.993-57.061s37.708-23.636 60.34-23.636h682.667c22.63 0 44.339 8.502 60.339 23.636s24.994 35.658 24.994 57.061v484.174c0 21.402-8.994 41.927-24.994 57.061s-37.709 23.635-60.339 23.635h-682.667c-22.632 0-44.337-8.502-60.34-23.635s-24.993-35.659-24.993-57.061v-484.174z",
          "M128 201.739l270.635 227.481c31.241 26.261 71.587 40.768 113.387 40.768s82.145-14.507 113.387-40.768l270.592-227.481"
        ],
        "attrs": [
          {
            "fill": "none",
            "stroke": "rgb(165, 111, 255)",
            "strokeLinejoin": "round",
            "strokeLinecap": "round",
            "strokeMiterlimit": "4",
            "strokeWidth": 170.66666666666666
          },
          {
            "fill": "none",
            "stroke": "rgb(165, 111, 255)",
            "strokeLinejoin": "round",
            "strokeLinecap": "butt",
            "strokeMiterlimit": "4",
            "strokeWidth": 170.66666666666666
          }
        ],
        "isMulticolor": false,
        "isMulticolor2": false,
        "grid": 0,
        "tags": [
          "akar-icons_envelope"
        ]
      },
      "attrs": [
        {
          "fill": "none",
          "stroke": "rgb(165, 111, 255)",
          "strokeLinejoin": "round",
          "strokeLinecap": "round",
          "strokeMiterlimit": "4",
          "strokeWidth": 170.66666666666666
        },
        {
          "fill": "none",
          "stroke": "rgb(165, 111, 255)",
          "strokeLinejoin": "round",
          "strokeLinecap": "butt",
          "strokeMiterlimit": "4",
          "strokeWidth": 170.66666666666666
        }
      ],
      "properties": {
        "order": 54,
        "id": 2,
        "name": "envelope",
        "prevSize": 32
      },
      "setIdx": 0,
      "setId": 8,
      "iconIdx": 0
    },
    {
      "icon": {
        "paths": [
          "M512 0c-282.88 0-512 216.668-512 484.174 0 214.247 146.56 395.203 350.080 459.357 25.6 4.241 35.2-10.283 35.2-22.997 0-11.494-0.64-49.621-0.64-90.175-128.64 22.393-161.92-29.656-172.16-56.89-5.76-13.92-30.72-56.891-52.48-68.39-17.92-9.079-43.52-31.472-0.64-32.077 40.32-0.605 69.12 35.103 78.72 49.628 46.080 73.231 119.68 52.653 149.12 39.944 4.48-31.471 17.92-52.653 32.64-64.758-113.92-12.105-232.96-53.865-232.96-239.061 0-52.654 19.84-96.23 52.48-130.121-5.12-12.105-23.040-61.733 5.12-128.306 0 0 42.88-12.71 140.8 49.628 40.96-10.895 84.48-16.341 128-16.341s87.040 5.447 128 16.341c97.92-62.943 140.8-49.628 140.8-49.628 28.16 66.574 10.24 116.202 5.12 128.306 32.64 33.892 52.48 76.862 52.48 130.121 0 185.802-119.68 226.957-233.6 239.061 18.56 15.13 34.56 44.18 34.56 89.572 0 64.759-0.64 116.804-0.64 133.146 0 12.715 9.6 27.844 35.2 22.997 101.64-32.444 189.961-94.222 252.527-176.625 62.575-82.403 96.239-181.286 96.273-282.732 0-267.505-229.12-484.174-512-484.174z"
        ],
        "attrs": [
          {
            "fill": "rgb(165, 111, 255)"
          }
        ],
        "isMulticolor": false,
        "isMulticolor2": false,
        "grid": 0,
        "tags": [
          "akar-icons_github-fill"
        ]
      },
      "attrs": [
        {
          "fill": "rgb(165, 111, 255)"
        }
      ],
      "properties": {
        "order": 55,
        "id": 1,
        "name": "github-fill",
        "prevSize": 32
      },
      "setIdx": 0,
      "setId": 8,
      "iconIdx": 1
    },
    {
      "icon": {
        "paths": [
          "M450.303 251.77l-144.341-157.558c-16.64-18.157-47.147-18.076-66.475 0.241l-118.699 112.45c-35.328 33.448-45.44 83.116-25.003 122.94 122.096 239.060 325.976 432.129 578.603 547.921 42.069 19.328 94.549 9.771 129.877-23.68l119.809-113.5c19.413-18.358 19.456-47.369 0.085-63.104l-167.254-135.77c-17.493-14.202-44.672-12.346-62.208 4.277l-58.197 55.115c-2.979 2.953-6.901 4.9-11.163 5.541s-8.63-0.057-12.431-1.99c-95.127-51.802-174.037-126.521-228.693-216.547-2.046-3.601-2.788-7.737-2.109-11.775s2.738-7.753 5.864-10.577l58.027-54.914c17.579-16.704 19.499-42.527 4.309-59.11v0.040z"
        ],
        "attrs": [
          {
            "fill": "rgb(165, 111, 255)"
          }
        ],
        "isMulticolor": false,
        "isMulticolor2": false,
        "grid": 0,
        "tags": [
          "akar-icons_phone"
        ]
      },
      "attrs": [
        {
          "fill": "rgb(165, 111, 255)"
        }
      ],
      "properties": {
        "order": 56,
        "id": 0,
        "name": "phone",
        "prevSize": 32
      },
      "setIdx": 0,
      "setId": 8,
      "iconIdx": 2
    }
  ],
  "height": 1024,
  "preferences": {
    "showGlyphs": true,
    "showQuickUse": true,
    "showQuickUse2": true,
    "showSVGs": true,
    "fontPref": {
      "prefix": "icon-",
      "metadata": {
        "fontFamily": "icomoon"
      },
      "metrics": {
        "emSize": 1024,
        "baseline": 6.25,
        "whitespace": 50
      },
      "embed": false
    },
    "imagePref": {
      "prefix": "icon-",
      "png": true,
      "useClassSelector": true,
      "color": 0,
      "bgColor": 16777215,
      "classSelector": ".icon",
      "name": "icomoon"
    },
    "historySize": 50,
    "showCodes": true,
    "gridSize": 16
  }
}